scenario,building,point,label,floor,z_m,PF,PF_raw,LF,ground_frac,roof_frac,avg_floor_crossings,diag_avg_soil_path_m,floor_decks_above,Dg_in,Dr_in,Dg_ref,Dr_ref,Din,Dref,basement_opening_mode,basement_ceiling_mode,roof_model,ground_radius_m,M_floor_kg_m2,M_roof_kg_m2,M_wall_kg_m2,M_foundation_wall_kg_m2,M_basement_ceiling_kg_m2
Kjellervindu 40x60 cm | R=30 m,Murbygg | stubbloft bevart,5 målepunkter,Kjeller,-1,-1.1,37.9570141479103,37.9570141479103,0.02634559178188294,0.9888024518122853,0.011197548187714738,0.0,7.730966089841017,5,0.038657083661345584,0.00043776646821726576,0.4839744839019498,0.9999492955763,0.03909485012956285,1.4839237794782498,exposed_above_grade,same_as_floor,sloped,30.0,202.0,35.0,450.0,650.0,300.0
Kjellervindu 40x60 cm | R=30 m,Murbygg | stubbloft bevart,5 målepunkter,1. etasje,0,1.5,10.852202122701158,10.852202122701158,0.09214719636562536,0.9879956523625865,0.012004347637413515,0.0,0.0,4,0.16921318637407815,0.002055974547267956,0.6526586476459721,1.2059889040579064,0.17126916092134611,1.8586475517038785,exposed_above_grade,same_as_floor,sloped,30.0,202.0,35.0,450.0,650.0,300.0
Kjellervindu 40x60 cm | R=30 m,Murbygg | stubbloft bevart,5 målepunkter,2. etasje,1,4.5,54.711919964025576,54.711919964025576,0.01827755269158027,0.8272858639757856,0.17271413602421432,0.8412668565134835,0.0,3,0.048484330777736284,0.010122171386738512,1.6751730104826723,1.5313012453115646,0.0586065021644748,3.206474255794237,exposed_above_grade,same_as_floor,sloped,30.0,202.0,35.0,450.0,650.0,300.0
Kjellervindu 40x60 cm | R=30 m,Murbygg | stubbloft bevart,5 målepunkter,3. etasje,2,7.5,66.2639799169704,66.2639799169704,0.01509115512308516,0.18111834410144123,0.8188816558985588,1.4147512812936522,0.0,2,0.011636772120250858,0.052612777962502244,2.255377102018669,2.0020537943392656,0.0642495500827531,4.257430896357935,exposed_above_grade,same_as_floor,sloped,30.0,202.0,35.0,450.0,650.0,300.0
Kjellervindu 40x60 cm | R=30 m,Murbygg | stubbloft bevart,5 målepunkter,4. etasje,3,10.5,16.923183738596613,16.923183738596613,0.059090536121717184,0.015001867039872876,0.9849981329601271,1.9124356750824387,0.0,1,0.004635652028960077,0.3043693549237851,2.5263236818955397,2.703024826912091,0.3090050069527452,5.229348508807631,exposed_above_grade,same_as_floor,sloped,30.0,202.0,35.0,450.0,650.0,300.0
Kjellervindu 40x60 cm | R=30 m,Murbygg | stubbloft bevart,5 målepunkter,5. etasje,4,13.5,2.3641007219249994,2.3641007219249994,0.42299382201691355,0.0011358855723015164,0.9988641144276985,2.3934395812251887,0.0,0,0.0030444506539738935,2.6771996938378586,2.6117227997147654,3.7246443172136283,2.6802441444918323,6.336367116928393,exposed_above_grade,same_as_floor,sloped,30.0,202.0,35.0,450.0,650.0,300.0
Kjellervindu 40x60 cm | R=30 m,Murbygg | full utskifting + mineralull,5 målepunkter,Kjeller,-1,-1.1,13.565867989536994,13.565867989536994,0.07371441331813595,0.35339880731252077,0.6466011926874792,0.0,7.730966089841017,5,0.038657083661345584,0.07072948715172456,0.4839744839019498,0.9999492955763,0.10938657081307014,1.4839237794782498,exposed_above_grade,same_as_floor,sloped,30.0,62.0,35.0,450.0,650.0,300.0
Kjellervindu 40x60 cm | R=30 m,Murbygg | full utskifting + mineralull,5 målepunkter,1. etasje,0,1.5,6.229041142734352,6.229041142734352,0.160538352065055,0.567098317726264,0.432901682273736,0.0,0.0,4,0.16921318637407815,0.1291710286462116,0.6526586476459721,1.2059889040579064,0.2983842150202898,1.8586475517038785,exposed_above_grade,same_as_floor,sloped,30.0,62.0,35.0,450.0,650.0,300.0
Kjellervindu 40x60 cm | R=30 m,Murbygg | full utskifting + mineralull,5 målepunkter,2. etasje,1,4.5,8.423557622542303,8.423557622542303,0.11871468621807697,0.3472774619442481,0.6527225380557519,0.8412668565134835,0.0,3,0.13219310548334795,0.24846247965960674,1.6751730104826723,1.5313012453115646,0.3806555851429547,3.206474255794237,exposed_above_grade,same_as_floor,sloped,30.0,62.0,35.0,450.0,650.0,300.0
Kjellervindu 40x60 cm | R=30 m,Murbygg | full utskifting + mineralull,5 målepunkter,3. etasje,2,7.5,7.107500383687286,7.107500383687286,0.14069643981942523,0.16703675959933462,0.8329632404006653,1.4147512812936522,0.0,2,0.10005591596982584,0.49894945392495993,2.255377102018669,2.0020537943392656,0.5990053698947858,4.257430896357935,exposed_above_grade,same_as_floor,sloped,30.0,62.0,35.0,450.0,650.0,300.0
Kjellervindu 40x60 cm | R=30 m,Murbygg | full utskifting + mineralull,5 målepunkter,4. etasje,3,10.5,4.602516410023143,4.602516410023143,0.2172724463995929,0.05945716528354147,0.9405428347164586,1.9124356750824387,0.0,1,0.06755483542357495,1.068638508161122,2.5263236818955397,2.703024826912091,1.136193343584697,5.229348508807631,exposed_above_grade,same_as_floor,sloped,30.0,62.0,35.0,450.0,650.0,300.0
Kjellervindu 40x60 cm | R=30 m,Murbygg | full utskifting + mineralull,5 målepunkter,5. etasje,4,13.5,2.325265231701232,2.325265231701232,0.430058466606999,0.017544398623785495,0.9824556013762145,2.3934395812251887,0.0,0,0.047808632327377386,2.6771996938378586,2.6117227997147654,3.7246443172136283,2.725008326165236,6.336367116928393,exposed_above_grade,same_as_floor,sloped,30.0,62.0,35.0,450.0,650.0,300.0
Kjellervindu 40x60 cm | R=30 m,Murbygg | referanse lett,5 målepunkter,Kjeller,-1,-1.1,7.53759393244748,7.53759393244748,0.13266833010136656,0.1963587370736274,0.8036412629263727,0.0,7.730966089841017,5,0.038657083661345584,0.15821260615974236,0.4839744839019498,0.9999492955763,0.19686968982108793,1.4839237794782498,exposed_above_grade,same_as_floor,sloped,30.0,40.375,35.0,450.0,650.0,300.0
Kjellervindu 40x60 cm | R=30 m,Murbygg | referanse lett,5 målepunkter,1. etasje,0,1.5,4.434868195581744,4.434868195581744,0.22548584442627947,0.40375496571982994,0.5962450342801701,0.0,0.0,4,0.16921318637407815,0.24988552631270786,0.6526586476459721,1.2059889040579064,0.419098712686786,1.8586475517038785,exposed_above_grade,same_as_floor,sloped,30.0,40.375,35.0,450.0,650.0,300.0
Kjellervindu 40x60 cm | R=30 m,Murbygg | referanse lett,5 målepunkter,2. etasje,1,4.5,5.361418842313,5.361418842313,0.18651779116898545,0.30482069510482235,0.6951793048951778,0.8412668565134835,0.0,3,0.18230243527574347,0.4157620603552141,1.6751730104826723,1.5313012453115646,0.5980644956309575,3.206474255794237,exposed_above_grade,same_as_floor,sloped,30.0,40.375,35.0,450.0,650.0,300.0
Kjellervindu 40x60 cm | R=30 m,Murbygg | referanse lett,5 målepunkter,3. etasje,2,7.5,4.8567973425368836,4.8567973425368836,0.2058969994983697,0.1792133823024214,0.8207866176975787,1.4147512812936522,0.0,2,0.15709706150856156,0.7194951856231918,2.255377102018669,2.0020537943392656,0.8765922471317533,4.257430896357935,exposed_above_grade,same_as_floor,sloped,30.0,40.375,35.0,450.0,650.0,300.0
Kjellervindu 40x60 cm | R=30 m,Murbygg | referanse lett,5 målepunkter,4. etasje,3,10.5,3.662946829281391,3.662946829281391,0.27300423582620864,0.07926497752055783,0.9207350224794422,1.9124356750824387,0.0,1,0.11316140018311929,1.3144728933328313,2.5263236818955397,2.703024826912091,1.4276342935159507,5.229348508807631,exposed_above_grade,same_as_floor,sloped,30.0,40.375,35.0,450.0,650.0,300.0
Kjellervindu 40x60 cm | R=30 m,Murbygg | referanse lett,5 målepunkter,5. etasje,4,13.5,2.295747253650682,2.295747253650682,0.43558801972203454,0.030016138398540136,0.9699838616014598,2.3934395812251887,0.0,0,0.0828459108567972,2.6771996938378586,2.6117227997147654,3.7246443172136283,2.760045604694656,6.336367116928393,exposed_above_grade,same_as_floor,sloped,30.0,40.375,35.0,450.0,650.0,300.0
Kjellervindu 40x60 cm | R=30 m,Trebygg | stubbloft bevart,5 målepunkter,Kjeller,-1,-1.1,37.75412634400393,37.75412634400393,0.02648717098863073,0.9888623049385636,0.011137695061436461,0.0,7.730966089841017,5,0.0388671764129183,0.00043776646821726576,0.4839744839019498,0.9999492955763,0.03930494288113556,1.4839237794782498,exposed_above_grade,same_as_floor,sloped,30.0,202.0,35.0,80.0,350.0,300.0
Kjellervindu 40x60 cm | R=30 m,Trebygg | stubbloft bevart,5 målepunkter,1. etasje,0,1.5,4.654363629959945,4.654363629959945,0.21485214295742638,0.994851496644345,0.005148503355654983,0.0,0.0,4,0.39727843493888426,0.002055974547267956,0.6526586476459721,1.2059889040579064,0.39933440948615223,1.8586475517038785,exposed_above_grade,same_as_floor,sloped,30.0,202.0,35.0,80.0,350.0,300.0
Kjellervindu 40x60 cm | R=30 m,Trebygg | stubbloft bevart,5 målepunkter,2. etasje,1,4.5,17.340638550188913,17.340638550188913,0.057668003234466,0.9452592157746734,0.0547407842253266,0.8412668565134835,0.0,3,0.1747887963676355,0.010122171386738512,1.6751730104826723,1.5313012453115646,0.18491096775437402,3.206474255794237,exposed_above_grade,same_as_floor,sloped,30.0,202.0,35.0,80.0,350.0,300.0
Kjellervindu 40x60 cm | R=30 m,Trebygg | stubbloft bevart,5 målepunkter,3. etasje,2,7.5,39.3227010163105,39.3227010163105,0.02543060303983732,0.5140551689924435,0.4859448310075564,1.4147512812936522,0.0,2,0.055656257132315166,0.052612777962502244,2.255377102018669,2.0020537943392656,0.10826903509481742,4.257430896357935,exposed_above_grade,same_as_floor,sloped,30.0,202.0,35.0,80.0,350.0,300.0
Kjellervindu 40x60 cm | R=30 m,Trebygg | stubbloft bevart,5 målepunkter,4. etasje,3,10.5,15.742195399685603,15.742195399685603,0.06352354132384684,0.08374019233630992,0.91625980766369,1.9124356750824387,0.0,1,0.027817381172253276,0.3043693549237851,2.5263236818955397,2.703024826912091,0.3321867360960384,5.229348508807631,exposed_above_grade,same_as_floor,sloped,30.0,202.0,35.0,80.0,350.0,300.0
Kjellervindu 40x60 cm | R=30 m,Trebygg | stubbloft bevart,5 målepunkter,5. etasje,4,13.5,2.34766813199843,2.34766813199843,0.42595458292001415,0.00807887418210618,0.9919211258178939,2.3934395812251887,0.0,0,0.02180491868146788,2.6771996938378586,2.6117227997147654,3.7246443172136283,2.6990046125193263,6.336367116928393,exposed_above_grade,same_as_floor,sloped,30.0,202.0,35.0,80.0,350.0,300.0
Kjellervindu 40x60 cm | R=30 m,Trebygg | full utskifting + mineralull,5 målepunkter,Kjeller,-1,-1.1,13.539862722216853,13.539862722216853,0.07385599252488374,0.3546383178899736,0.6453616821100264,0.0,7.730966089841017,5,0.0388671764129183,0.07072948715172456,0.4839744839019498,0.9999492955763,0.10959666356464286,1.4839237794782498,exposed_above_grade,same_as_floor,sloped,30.0,62.0,35.0,80.0,350.0,300.0
Kjellervindu 40x60 cm | R=30 m,Trebygg | full utskifting + mineralull,5 målepunkter,1. etasje,0,1.5,3.5305336604326216,3.5305336604326216,0.283243298656856,0.7546373629739064,0.2453626370260937,0.0,0.0,4,0.39727843493888426,0.1291710286462116,0.6526586476459721,1.2059889040579064,0.5264494635850958,1.8586475517038785,exposed_above_grade,same_as_floor,sloped,30.0,62.0,35.0,80.0,350.0,300.0
Kjellervindu 40x60 cm | R=30 m,Trebygg | full utskifting + mineralull,5 målepunkter,2. etasje,1,4.5,5.165003496843462,5.165003496843462,0.1936107111275219,0.5997754936103818,0.40022450638961804,0.8412668565134835,0.0,3,0.372345281216807,0.24846247965960674,1.6751730104826723,1.5313012453115646,0.6208077608764138,3.206474255794237,exposed_above_grade,same_as_floor,sloped,30.0,62.0,35.0,80.0,350.0,300.0
Kjellervindu 40x60 cm | R=30 m,Trebygg | full utskifting + mineralull,5 målepunkter,3. etasje,2,7.5,5.115605683735958,5.115605683735958,0.19548027385677896,0.40047678411433985,0.5995232158856602,1.4147512812936522,0.0,2,0.333294303621401,0.49894945392495993,2.255377102018669,2.0020537943392656,0.8322437575463609,4.257430896357935,exposed_above_grade,same_as_floor,sloped,30.0,62.0,35.0,80.0,350.0,300.0
Kjellervindu 40x60 cm | R=30 m,Trebygg | full utskifting + mineralull,5 målepunkter,4. etasje,3,10.5,3.800527261675306,3.800527261675306,0.2631213858361303,0.22334688990379978,0.7766531100962003,1.9124356750824387,0.0,1,0.30731491849644327,1.068638508161122,2.5263236818955397,2.703024826912091,1.3759534266575653,5.229348508807631,exposed_above_grade,same_as_floor,sloped,30.0,62.0,35.0,80.0,350.0,300.0
Kjellervindu 40x60 cm | R=30 m,Trebygg | full utskifting + mineralull,5 målepunkter,5. etasje,4,13.5,2.1484415680726836,2.1484415680726836,0.4654536641166725,0.09225475700325994,0.90774524299674,2.3934395812251887,0.0,0,0.27208559792485804,2.6771996938378586,2.6117227997147654,3.7246443172136283,2.949285291762717,6.336367116928393,exposed_above_grade,same_as_floor,sloped,30.0,62.0,35.0,80.0,350.0,300.0
Kjellervindu 40x60 cm | R=30 m,Trebygg | referanse lett,5 målepunkter,Kjeller,-1,-1.1,7.529558639182825,7.529558639182825,0.13280990930811437,0.19721544191671966,0.8027845580832803,0.0,7.730966089841017,5,0.0388671764129183,0.15821260615974236,0.4839744839019498,0.9999492955763,0.19707978257266068,1.4839237794782498,exposed_above_grade,same_as_floor,sloped,30.0,40.375,35.0,80.0,350.0,300.0
Kjellervindu 40x60 cm | R=30 m,Trebygg | referanse lett,5 målepunkter,1. etasje,0,1.5,2.871988650463972,2.871988650463972,0.34819079101808054,0.6138760170924257,0.3861239829075743,0.0,0.0,4,0.39727843493888426,0.24988552631270786,0.6526586476459721,1.2059889040579064,0.6471639612515921,1.8586475517038785,exposed_above_grade,same_as_floor,sloped,30.0,40.375,35.0,80.0,350.0,300.0
Kjellervindu 40x60 cm | R=30 m,Trebygg | referanse lett,5 målepunkter,2. etasje,1,4.5,3.5411229156369175,3.5411229156369175,0.2823962973960018,0.5408462872527909,0.45915371274720906,0.8412668565134835,0.0,3,0.4897343971766787,0.4157620603552141,1.6751730104826723,1.5313012453115646,0.9054964575318929,3.206474255794237,exposed_above_grade,same_as_floor,sloped,30.0,40.375,35.0,80.0,350.0,300.0
Kjellervindu 40x60 cm | R=30 m,Trebygg | referanse lett,5 målepunkter,3. etasje,2,7.5,3.477727321383069,3.477727321383069,0.2875441078578601,0.4122727707017164,0.5877272292982835,1.4147512812936522,0.0,2,0.5047039832365401,0.7194951856231918,2.255377102018669,2.0020537943392656,1.224199168859732,4.257430896357935,exposed_above_grade,same_as_floor,sloped,30.0,40.375,35.0,80.0,350.0,300.0
Kjellervindu 40x60 cm | R=30 m,Trebygg | referanse lett,5 målepunkter,4. etasje,3,10.5,2.905040243882038,2.905040243882038,0.3442293104565356,0.2697758337979594,0.7302241662020407,1.9124356750824387,0.0,1,0.4856221379909321,1.3144728933328313,2.5263236818955397,2.703024826912091,1.8000950313237634,5.229348508807631,exposed_above_grade,same_as_floor,sloped,30.0,40.375,35.0,80.0,350.0,300.0
Kjellervindu 40x60 cm | R=30 m,Trebygg | referanse lett,5 målepunkter,5. etasje,4,13.5,2.0330572731918664,2.0330572731918664,0.4918700585498098,0.14100616190581652,0.8589938380941835,2.3934395812251887,0.0,0,0.4394695709587998,2.6771996938378586,2.6117227997147654,3.7246443172136283,3.1166692647966583,6.336367116928393,exposed_above_grade,same_as_floor,sloped,30.0,40.375,35.0,80.0,350.0,300.0
Kjellervindu 40x60 cm | R=60 m,Murbygg | stubbloft bevart,5 målepunkter,Kjeller,-1,-1.1,39.900620577770106,39.900620577770106,0.025062266839958162,0.9887357698707027,0.011264230129297408,0.0,11.921624055050621,5,0.03842565013392303,0.00043776646821726576,0.5507251446215115,0.9999492955763,0.038863416602140294,1.5506744401978114,exposed_above_grade,same_as_floor,sloped,60.0,202.0,35.0,450.0,650.0,300.0
Kjellervindu 40x60 cm | R=60 m,Murbygg | stubbloft bevart,5 målepunkter,1. etasje,0,1.5,10.08216738594147,10.08216738594147,0.09918502259686697,0.9893677786936528,0.0106322213063471,0.0,0.0,4,0.191316086476387,0.002055974547267956,0.7436205829470717,1.2059889040579064,0.19337206102365498,1.949609487004978,exposed_above_grade,same_as_floor,sloped,60.0,202.0,35.0,450.0,650.0,300.0
Kjellervindu 40x60 cm | R=60 m,Murbygg | stubbloft bevart,5 målepunkter,2. etasje,1,4.5,37.801577386569015,37.801577386569015,0.026453922538039437,0.8899341347957429,0.11006586520425707,0.7389451382382641,0.0,3,0.08184250238340882,0.010122171386738512,1.9451084870412334,1.5313012453115646,0.09196467377014733,3.4764097323527983,exposed_above_grade,same_as_floor,sloped,60.0,202.0,35.0,450.0,650.0,300.0
Kjellervindu 40x60 cm | R=60 m,Murbygg | stubbloft bevart,5 målepunkter,3. etasje,2,7.5,56.099386595415965,56.099386595415965,0.017825506849333584,0.37177240271873846,0.6282275972812615,1.252122933293688,0.0,2,0.03113517929087382,0.052612777962502244,2.696155236194249,2.0020537943392656,0.08374795725337607,4.698209030533515,exposed_above_grade,same_as_floor,sloped,60.0,202.0,35.0,450.0,650.0,300.0
Kjellervindu 40x60 cm | R=60 m,Murbygg | stubbloft bevart,5 målepunkter,4. etasje,3,10.5,18.183546355764907,18.183546355764907,0.05499477277065704,0.05041769754103176,0.9495823024589684,1.6950226097836676,0.0,1,0.016160370762564238,0.3043693549237851,3.125342298506251,2.703024826912091,0.3205297256863493,5.8283671254183425,exposed_above_grade,same_as_floor,sloped,60.0,202.0,35.0,450.0,650.0,300.0
Kjellervindu 40x60 cm | R=60 m,Murbygg | stubbloft bevart,5 målepunkter,5. etasje,4,13.5,2.635579256431737,2.635579256431737,0.37942323212616336,0.0030510787750317064,0.9969489212249683,2.092333162241398,0.0,0,0.008193345705568832,2.6771996938378586,3.3529218731732007,3.7246443172136283,2.6853930395434276,7.077566190386829,exposed_above_grade,same_as_floor,sloped,60.0,202.0,35.0,450.0,650.0,300.0
Kjellervindu 40x60 cm | R=60 m,Murbygg | full utskifting + mineralull,5 målepunkter,Kjeller,-1,-1.1,14.206151709926932,14.206151709926932,0.07039204004144367,0.3520278668457639,0.6479721331542361,0.0,11.921624055050621,5,0.03842565013392303,0.07072948715172456,0.5507251446215115,0.9999492955763,0.10915513728564759,1.5506744401978114,exposed_above_grade,same_as_floor,sloped,60.0,62.0,35.0,450.0,650.0,300.0
Kjellervindu 40x60 cm | R=60 m,Murbygg | full utskifting + mineralull,5 målepunkter,1. etasje,0,1.5,6.0832694826410645,6.0832694826410645,0.16438528703250013,0.5969540660104268,0.4030459339895731,0.0,0.0,4,0.191316086476387,0.1291710286462116,0.7436205829470717,1.2059889040579064,0.32048711512259864,1.949609487004978,exposed_above_grade,same_as_floor,sloped,60.0,62.0,35.0,450.0,650.0,300.0
Kjellervindu 40x60 cm | R=60 m,Murbygg | full utskifting + mineralull,5 målepunkter,2. etasje,1,4.5,8.405848023001553,8.405848023001553,0.11896479656349067,0.39922563672514283,0.6007743632748571,0.7389451382382641,0.0,3,0.16510789692108294,0.24846247965960674,1.9451084870412334,1.5313012453115646,0.4135703765806897,3.4764097323527983,exposed_above_grade,same_as_floor,sloped,60.0,62.0,35.0,450.0,650.0,300.0
Kjellervindu 40x60 cm | R=60 m,Murbygg | full utskifting + mineralull,5 målepunkter,3. etasje,2,7.5,7.580471151406566,7.580471151406566,0.13191792172633607,0.19495452056148402,0.8050454794385159,1.252122933293688,0.0,2,0.12082851721892547,0.49894945392495993,2.696155236194249,2.0020537943392656,0.6197779711438854,4.698209030533515,exposed_above_grade,same_as_floor,sloped,60.0,62.0,35.0,450.0,650.0,300.0
Kjellervindu 40x60 cm | R=60 m,Murbygg | full utskifting + mineralull,5 målepunkter,4. etasje,3,10.5,5.060742638704227,5.060742638704227,0.19759945750887742,0.07210641552987472,0.9278935844701252,1.6950226097836676,0.0,1,0.08304367398411752,1.068638508161122,3.125342298506251,2.703024826912091,1.1516821821452397,5.8283671254183425,exposed_above_grade,same_as_floor,sloped,60.0,62.0,35.0,450.0,650.0,300.0
Kjellervindu 40x60 cm | R=60 m,Murbygg | full utskifting + mineralull,5 målepunkter,5. etasje,4,13.5,2.5841968303661056,2.5841968303661056,0.3869674276546222,0.022487282073052284,0.9775127179269478,2.092333162241398,0.0,0,0.061587888911456876,2.6771996938378586,3.3529218731732007,3.7246443172136283,2.7387875827493153,7.077566190386829,exposed_above_grade,same_as_floor,sloped,60.0,62.0,35.0,450.0,650.0,300.0
Kjellervindu 40x60 cm | R=60 m,Murbygg | referanse lett,5 målepunkter,Kjeller,-1,-1.1,7.88592448603688,7.88592448603688,0.12680821402368717,0.19541289095107225,0.8045871090489278,0.0,11.921624055050621,5,0.03842565013392303,0.15821260615974236,0.5507251446215115,0.9999492955763,0.19663825629366538,1.5506744401978114,exposed_above_grade,same_as_floor,sloped,60.0,40.375,35.0,450.0,650.0,300.0
Kjellervindu 40x60 cm | R=60 m,Murbygg | referanse lett,5 målepunkter,1. etasje,0,1.5,4.418863010677477,4.418863010677477,0.22630255737361846,0.4336250841581596,0.5663749158418404,0.0,0.0,4,0.191316086476387,0.24988552631270786,0.7436205829470717,1.2059889040579064,0.44120161278909487,1.949609487004978,exposed_above_grade,same_as_floor,sloped,60.0,40.375,35.0,450.0,650.0,300.0
Kjellervindu 40x60 cm | R=60 m,Murbygg | referanse lett,5 målepunkter,2. etasje,1,4.5,5.5053058435456785,5.5053058435456785,0.18164295107643874,0.3415916199126938,0.6584083800873062,0.7389451382382641,0.0,3,0.21570326258020067,0.4157620603552141,1.9451084870412334,1.5313012453115646,0.6314653229354148,3.4764097323527983,exposed_above_grade,same_as_floor,sloped,60.0,40.375,35.0,450.0,650.0,300.0
Kjellervindu 40x60 cm | R=60 m,Murbygg | referanse lett,5 målepunkter,3. etasje,2,7.5,5.221048084888247,5.221048084888247,0.19153242485821778,0.20043596686082307,0.7995640331391769,1.252122933293688,0.0,2,0.18036418248566877,0.7194951856231918,2.696155236194249,2.0020537943392656,0.8998593681088606,4.698209030533515,exposed_above_grade,same_as_floor,sloped,60.0,40.375,35.0,450.0,650.0,300.0
Kjellervindu 40x60 cm | R=60 m,Murbygg | referanse lett,5 målepunkter,4. etasje,3,10.5,4.027462718058141,4.027462718058141,0.248295284154028,0.09168546560697181,0.9083145343930281,1.6950226097836676,0.0,1,0.13268317822691122,1.3144728933328313,3.125342298506251,2.703024826912091,1.4471560715597427,5.8283671254183425,exposed_above_grade,same_as_floor,sloped,60.0,40.375,35.0,450.0,650.0,300.0
Kjellervindu 40x60 cm | R=60 m,Murbygg | referanse lett,5 målepunkter,5. etasje,4,13.5,2.545585940235254,2.545585940235254,0.39283686486246994,0.0370924528982329,0.9629075471017671,2.092333162241398,0.0,0,0.10312921925031829,2.6771996938378586,3.3529218731732007,3.7246443172136283,2.780328913088177,7.077566190386829,exposed_above_grade,same_as_floor,sloped,60.0,40.375,35.0,450.0,650.0,300.0
Kjellervindu 40x60 cm | R=60 m,Trebygg | stubbloft bevart,5 målepunkter,Kjeller,-1,-1.1,39.77163275398581,39.77163275398581,0.02514354907644023,0.9887721840544909,0.011227815945509173,0.0,11.921624055050621,5,0.03855169242047789,0.00043776646821726576,0.5507251446215115,0.9999492955763,0.03898945888869515,1.5506744401978114,exposed_above_grade,same_as_floor,sloped,60.0,202.0,35.0,80.0,350.0,300.0
Kjellervindu 40x60 cm | R=60 m,Trebygg | stubbloft bevart,5 målepunkter,1. etasje,0,1.5,4.325437875631221,4.325437875631221,0.23119046643435326,0.9954385787321193,0.004561421267880741,0.0,0.0,4,0.4486751521182531,0.002055974547267956,0.7436205829470717,1.2059889040579064,0.45073112666552106,1.949609487004978,exposed_above_grade,same_as_floor,sloped,60.0,202.0,35.0,80.0,350.0,300.0
Kjellervindu 40x60 cm | R=60 m,Trebygg | stubbloft bevart,5 målepunkter,2. etasje,1,4.5,11.075990856311122,11.075990856311122,0.09028537608716045,0.9677503268150004,0.03224967318499964,0.7389451382382641,0.0,3,0.3037467887317987,0.010122171386738512,1.9451084870412334,1.5313012453115646,0.3138689601185372,3.4764097323527983,exposed_above_grade,same_as_floor,sloped,60.0,202.0,35.0,80.0,350.0,300.0
Kjellervindu 40x60 cm | R=60 m,Trebygg | stubbloft bevart,5 målepunkter,3. etasje,2,7.5,19.540606808556618,19.540606808556618,0.051175483432894776,0.7811749965594011,0.21882500344059883,1.252122933293688,0.0,2,0.18782034044384227,0.052612777962502244,2.696155236194249,2.0020537943392656,0.24043311840634451,4.698209030533515,exposed_above_grade,same_as_floor,sloped,60.0,202.0,35.0,80.0,350.0,300.0
Kjellervindu 40x60 cm | R=60 m,Trebygg | stubbloft bevart,5 målepunkter,4. etasje,3,10.5,14.223515601621424,14.223515601621424,0.07030610631073544,0.25721867287089106,0.7427813271291088,1.6950226097836676,0.0,1,0.1054004438138724,0.3043693549237851,3.125342298506251,2.703024826912091,0.4097697987376575,5.8283671254183425,exposed_above_grade,same_as_floor,sloped,60.0,202.0,35.0,80.0,350.0,300.0
Kjellervindu 40x60 cm | R=60 m,Trebygg | stubbloft bevart,5 målepunkter,5. etasje,4,13.5,2.588740264037011,2.588740264037011,0.38628827074391386,0.020768657491449318,0.9792313425085507,2.092333162241398,0.0,0,0.05678111092225987,2.6771996938378586,3.3529218731732007,3.7246443172136283,2.7339808047601184,7.077566190386829,exposed_above_grade,same_as_floor,sloped,60.0,202.0,35.0,80.0,350.0,300.0
Kjellervindu 40x60 cm | R=60 m,Trebygg | full utskifting + mineralull,5 målepunkter,Kjeller,-1,-1.1,14.189766675910334,14.189766675910334,0.07047332227792574,0.35277522233374736,0.6472247776662526,0.0,11.921624055050621,5,0.03855169242047789,0.07072948715172456,0.5507251446215115,0.9999492955763,0.10928117957220244,1.5506744401978114,exposed_above_grade,same_as_floor,sloped,60.0,62.0,35.0,80.0,350.0,300.0
Kjellervindu 40x60 cm | R=60 m,Trebygg | full utskifting + mineralull,5 målepunkter,1. etasje,0,1.5,3.3739246739084297,3.3739246739084297,0.2963907308699864,0.7764612228200174,0.22353877717998258,0.0,0.0,4,0.4486751521182531,0.1291710286462116,0.7436205829470717,1.2059889040579064,0.5778461807644647,1.949609487004978,exposed_above_grade,same_as_floor,sloped,60.0,62.0,35.0,80.0,350.0,300.0
Kjellervindu 40x60 cm | R=60 m,Trebygg | full utskifting + mineralull,5 målepunkter,2. etasje,1,4.5,4.643376055772181,4.643376055772181,0.21536054542834196,0.6681332703471679,0.3318667296528321,0.7389451382382641,0.0,3,0.5002190164322882,0.24846247965960674,1.9451084870412334,1.5313012453115646,0.7486814960918949,3.4764097323527983,exposed_above_grade,same_as_floor,sloped,60.0,62.0,35.0,80.0,350.0,300.0
Kjellervindu 40x60 cm | R=60 m,Trebygg | full utskifting + mineralull,5 målepunkter,3. etasje,2,7.5,4.842357597433706,4.842357597433706,0.20651097732434465,0.48574197885900267,0.5142580211409973,1.252122933293688,0.0,2,0.47128228464457783,0.49894945392495993,2.696155236194249,2.0020537943392656,0.9702317385695378,4.698209030533515,exposed_above_grade,same_as_floor,sloped,60.0,62.0,35.0,80.0,350.0,300.0
Kjellervindu 40x60 cm | R=60 m,Trebygg | full utskifting + mineralull,5 målepunkter,4. etasje,3,10.5,3.929756905523845,3.929756905523845,0.2544686666481467,0.2794740848358206,0.7205259151641795,1.6950226097836676,0.0,1,0.4144983029799755,1.068638508161122,3.125342298506251,2.703024826912091,1.4831368111410974,5.8283671254183425,exposed_above_grade,same_as_floor,sloped,60.0,62.0,35.0,80.0,350.0,300.0
Kjellervindu 40x60 cm | R=60 m,Trebygg | full utskifting + mineralull,5 målepunkter,5. etasje,4,13.5,2.323026147454363,2.323026147454363,0.43047298503111037,0.12127916243447426,0.8787208375655257,2.092333162241398,0.0,0,0.36950135089322333,2.6771996938378586,3.3529218731732007,3.7246443172136283,3.046701044731082,7.077566190386829,exposed_above_grade,same_as_floor,sloped,60.0,62.0,35.0,80.0,350.0,300.0
Kjellervindu 40x60 cm | R=60 m,Trebygg | referanse lett,5 målepunkter,Kjeller,-1,-1.1,7.880872960119875,7.880872960119875,0.12688949626016927,0.1959282893220615,0.8040717106779385,0.0,11.921624055050621,5,0.03855169242047789,0.15821260615974236,0.5507251446215115,0.9999492955763,0.19676429858022026,1.5506744401978114,exposed_above_grade,same_as_floor,sloped,60.0,40.375,35.0,80.0,350.0,300.0
Kjellervindu 40x60 cm | R=60 m,Trebygg | referanse lett,5 målepunkter,1. etasje,0,1.5,2.790894974770125,2.790894974770125,0.35830800121110473,0.6422851528460256,0.3577148471539744,0.0,0.0,4,0.4486751521182531,0.24988552631270786,0.7436205829470717,1.2059889040579064,0.6985606784309609,1.949609487004978,exposed_above_grade,same_as_floor,sloped,60.0,40.375,35.0,80.0,350.0,300.0
Kjellervindu 40x60 cm | R=60 m,Trebygg | referanse lett,5 målepunkter,2. etasje,1,4.5,3.3607363370389636,3.3607363370389636,0.2975538393116158,0.5980719272545878,0.4019280727454123,0.7389451382382641,0.0,3,0.6186570025266277,0.4157620603552141,1.9451084870412334,1.5313012453115646,1.0344190628818417,3.4764097323527983,exposed_above_grade,same_as_floor,sloped,60.0,40.375,35.0,80.0,350.0,300.0
Kjellervindu 40x60 cm | R=60 m,Trebygg | referanse lett,5 målepunkter,3. etasje,2,7.5,3.42384938520635,3.42384938520635,0.29206892228401327,0.47566335747408134,0.5243366425259186,1.252122933293688,0.0,2,0.6527056625897505,0.7194951856231918,2.696155236194249,2.0020537943392656,1.3722008482129424,4.698209030533515,exposed_above_grade,same_as_floor,sloped,60.0,40.375,35.0,80.0,350.0,300.0
Kjellervindu 40x60 cm | R=60 m,Trebygg | referanse lett,5 målepunkter,4. etasje,3,10.5,3.0095214776196397,3.0095214776196397,0.33227873847603945,0.32126197284629,0.67873802715371,1.6950226097836676,0.0,1,0.6221695824763958,1.3144728933328313,3.125342298506251,2.703024826912091,1.936642475809227,5.8283671254183425,exposed_above_grade,same_as_floor,sloped,60.0,40.375,35.0,80.0,350.0,300.0
Kjellervindu 40x60 cm | R=60 m,Trebygg | referanse lett,5 målepunkter,5. etasje,4,13.5,2.170203747616982,2.170203747616982,0.4607862285271887,0.17908661644485388,0.8209133835551462,2.092333162241398,0.0,0,0.5840453381820312,2.6771996938378586,3.3529218731732007,3.7246443172136283,3.2612450320198896,7.077566190386829,exposed_above_grade,same_as_floor,sloped,60.0,40.375,35.0,80.0,350.0,300.0
Kjellervindu 40x60 cm | R=100 m,Murbygg | stubbloft bevart,5 målepunkter,Kjeller,-1,-1.1,41.36713207826275,41.36713207826275,0.024173781206492474,0.9885677692393084,0.011432230760691657,0.0,15.64636011084703,5,0.03785453862786887,0.00043776646821726576,0.5840935469146287,0.9999492955763,0.03829230509608613,1.5840428424909287,exposed_above_grade,same_as_floor,sloped,100.0,202.0,35.0,450.0,650.0,300.0
Kjellervindu 40x60 cm | R=100 m,Murbygg | stubbloft bevart,5 målepunkter,1. etasje,0,1.5,9.815942155256163,9.815942155256163,0.10187509096765897,0.9898844760716745,0.010115523928325472,0.0,0.0,4,0.2011934628358833,0.002055974547267956,0.789095816383466,1.2059889040579064,0.20324943738315127,1.9950847204413724,exposed_above_grade,same_as_floor,sloped,100.0,202.0,35.0,450.0,650.0,300.0
Kjellervindu 40x60 cm | R=100 m,Murbygg | stubbloft bevart,5 målepunkter,2. etasje,1,4.5,32.55716295265808,32.55716295265808,0.030715207017703503,0.9087615814246497,0.09123841857535027,0.685153564335147,0.0,3,0.10081981494743937,0.010122171386738512,2.0806550820618304,1.5313012453115646,0.11094198633417789,3.6119563273733952,exposed_above_grade,same_as_floor,sloped,100.0,202.0,35.0,450.0,650.0,300.0
Kjellervindu 40x60 cm | R=100 m,Murbygg | stubbloft bevart,5 målepunkter,3. etasje,2,7.5,50.457228812080245,50.457228812080245,0.01981876578526216,0.4606767887982379,0.539323211201762,1.1614722569269142,0.0,2,0.044940557161469795,0.052612777962502244,2.9202171573925364,2.0020537943392656,0.09755333512397205,4.922270951731802,exposed_above_grade,same_as_floor,sloped,100.0,202.0,35.0,450.0,650.0,300.0
Kjellervindu 40x60 cm | R=100 m,Murbygg | stubbloft bevart,5 målepunkter,4. etasje,3,10.5,18.2341486622926,18.2341486622926,0.05484215460346416,0.09590643184602261,0.9040935681539773,1.5632039620393776,0.0,1,0.03228756383437108,0.3043693549237851,3.435627477913491,2.703024826912091,0.3366569187581562,6.138652304825582,exposed_above_grade,same_as_floor,sloped,100.0,202.0,35.0,450.0,650.0,300.0
Kjellervindu 40x60 cm | R=100 m,Murbygg | stubbloft bevart,5 målepunkter,5. etasje,4,13.5,2.7668897221466424,2.7668897221466424,0.36141664483258396,0.008489155802338458,0.9915108441976616,1.9216266429536275,0.0,0,0.022921751635861735,2.6771996938378586,3.7462939588153445,3.7246443172136283,2.7001214454737203,7.470938276028972,exposed_above_grade,same_as_floor,sloped,100.0,202.0,35.0,450.0,650.0,300.0
Kjellervindu 40x60 cm | R=100 m,Murbygg | full utskifting + mineralull,5 målepunkter,Kjeller,-1,-1.1,14.5881756650491,14.5881756650491,0.06854866728783898,0.3486197749262581,0.6513802250737419,0.0,15.64636011084703,5,0.03785453862786887,0.07072948715172456,0.5840935469146287,0.9999492955763,0.10858402577959342,1.5840428424909287,exposed_above_grade,same_as_floor,sloped,100.0,62.0,35.0,450.0,650.0,300.0
Kjellervindu 40x60 cm | R=100 m,Murbygg | full utskifting + mineralull,5 målepunkter,1. etasje,0,1.5,6.039041034618886,6.039041034618886,0.16558920435669938,0.609004502673035,0.39099549732696504,0.0,0.0,4,0.2011934628358833,0.1291710286462116,0.789095816383466,1.2059889040579064,0.3303644914820949,1.9950847204413724,exposed_above_grade,same_as_floor,sloped,100.0,62.0,35.0,450.0,650.0,300.0
Kjellervindu 40x60 cm | R=100 m,Murbygg | full utskifting + mineralull,5 målepunkter,2. etasje,1,4.5,8.371481694882695,8.371481694882695,0.11945316688816011,0.42413503602682495,0.5758649639731751,0.685153564335147,0.0,3,0.18299714230687328,0.24846247965960674,2.0806550820618304,1.5313012453115646,0.43145962196648,3.6119563273733952,exposed_above_grade,same_as_floor,sloped,100.0,62.0,35.0,450.0,650.0,300.0
Kjellervindu 40x60 cm | R=100 m,Murbygg | full utskifting + mineralull,5 målepunkter,3. etasje,2,7.5,7.775689164899777,7.775689164899777,0.12860596389502013,0.2118118037870333,0.7881881962129667,1.1614722569269142,0.0,2,0.13408394637496654,0.49894945392495993,2.9202171573925364,2.0020537943392656,0.6330334002999265,4.922270951731802,exposed_above_grade,same_as_floor,sloped,100.0,62.0,35.0,450.0,650.0,300.0
Kjellervindu 40x60 cm | R=100 m,Murbygg | full utskifting + mineralull,5 målepunkter,4. etasje,3,10.5,5.25716385167223,5.25716385167223,0.19021663166954822,0.08481414867017545,0.9151858513298246,1.5632039620393776,0.0,1,0.09903525625330897,1.068638508161122,3.435627477913491,2.703024826912091,1.167673764414431,6.138652304825582,exposed_above_grade,same_as_floor,sloped,100.0,62.0,35.0,450.0,650.0,300.0
Kjellervindu 40x60 cm | R=100 m,Murbygg | full utskifting + mineralull,5 målepunkter,5. etasje,4,13.5,2.7124287542077097,2.7124287542077097,0.36867327794277727,0.028005163203984804,0.9719948367960152,1.9216266429536275,0.0,0,0.07713560969390404,2.6771996938378586,3.7462939588153445,3.7246443172136283,2.7543353035317626,7.470938276028972,exposed_above_grade,same_as_floor,sloped,100.0,62.0,35.0,450.0,650.0,300.0
Kjellervindu 40x60 cm | R=100 m,Murbygg | referanse lett,5 målepunkter,Kjeller,-1,-1.1,8.079083541543053,8.079083541543053,0.12377641533943173,0.1930692603744223,0.8069307396255777,0.0,15.64636011084703,5,0.03785453862786887,0.15821260615974236,0.5840935469146287,0.9999492955763,0.19606714478761122,1.5840428424909287,exposed_above_grade,same_as_floor,sloped,100.0,40.375,35.0,450.0,650.0,300.0
Kjellervindu 40x60 cm | R=100 m,Murbygg | referanse lett,5 målepunkter,1. etasje,0,1.5,4.422916536651558,4.422916536651558,0.22609515502118577,0.44602712091652674,0.5539728790834734,0.0,0.0,4,0.2011934628358833,0.24988552631270786,0.789095816383466,1.2059889040579064,0.4510789891485911,1.9950847204413724,exposed_above_grade,same_as_floor,sloped,100.0,40.375,35.0,450.0,650.0,300.0
Kjellervindu 40x60 cm | R=100 m,Murbygg | referanse lett,5 målepunkter,2. etasje,1,4.5,5.565944956150629,5.565944956150629,0.1796640117496946,0.35931984413673385,0.6406801558632662,0.685153564335147,0.0,3,0.23317650368538337,0.4157620603552141,2.0806550820618304,1.5313012453115646,0.6489385640405975,3.6119563273733952,exposed_above_grade,same_as_floor,sloped,100.0,40.375,35.0,450.0,650.0,300.0
Kjellervindu 40x60 cm | R=100 m,Murbygg | referanse lett,5 målepunkter,3. etasje,2,7.5,5.390401699694816,5.390401699694816,0.18551493111480286,0.21207749237352244,0.7879225076264776,1.1614722569269142,0.0,2,0.19365957091572863,0.7194951856231918,2.9202171573925364,2.0020537943392656,0.9131547565389204,4.922270951731802,exposed_above_grade,same_as_floor,sloped,100.0,40.375,35.0,450.0,650.0,300.0
Kjellervindu 40x60 cm | R=100 m,Murbygg | referanse lett,5 målepunkter,4. etasje,3,10.5,4.194802713113817,4.194802713113817,0.23839023391345535,0.1017646568885126,0.8982353431114874,1.5632039620393776,0.0,1,0.1489218655279111,1.3144728933328313,3.435627477913491,2.703024826912091,1.4633947588607423,6.138652304825582,exposed_above_grade,same_as_floor,sloped,100.0,40.375,35.0,450.0,650.0,300.0
Kjellervindu 40x60 cm | R=100 m,Murbygg | referanse lett,5 målepunkter,5. etasje,4,13.5,2.6708905247802885,2.6708905247802885,0.37440695929769024,0.0428903263517612,0.9571096736482388,1.9216266429536275,0.0,0,0.11997158919087707,2.6771996938378586,3.7462939588153445,3.7246443172136283,2.7971712830287356,7.470938276028972,exposed_above_grade,same_as_floor,sloped,100.0,40.375,35.0,450.0,650.0,300.0
Kjellervindu 40x60 cm | R=100 m,Trebygg | stubbloft bevart,5 målepunkter,Kjeller,-1,-1.1,41.26900767309486,41.26900767309486,0.024231258670460967,0.988594886923972,0.01140511307602808,0.0,15.64636011084703,5,0.03794558539327269,0.00043776646821726576,0.5840935469146287,0.9999492955763,0.03838335186148995,1.5840428424909287,exposed_above_grade,same_as_floor,sloped,100.0,202.0,35.0,80.0,350.0,300.0
Kjellervindu 40x60 cm | R=100 m,Trebygg | stubbloft bevart,5 målepunkter,1. etasje,0,1.5,4.212721741545692,4.212721741545692,0.2373762288019264,0.9956587063263037,0.0043412936736963,0.0,0.0,4,0.4715297125314506,0.002055974547267956,0.789095816383466,1.2059889040579064,0.47358568707871856,1.9950847204413724,exposed_above_grade,same_as_floor,sloped,100.0,202.0,35.0,80.0,350.0,300.0
Kjellervindu 40x60 cm | R=100 m,Trebygg | stubbloft bevart,5 målepunkter,2. etasje,1,4.5,9.344665606308533,9.344665606308533,0.10701292503446089,0.9738124444910994,0.026187555508900652,0.685153564335147,0.0,3,0.3764038403022173,0.010122171386738512,2.0806550820618304,1.5313012453115646,0.3865260116889558,3.6119563273733952,exposed_above_grade,same_as_floor,sloped,100.0,202.0,35.0,80.0,350.0,300.0
Kjellervindu 40x60 cm | R=100 m,Trebygg | stubbloft bevart,5 målepunkter,3. etasje,2,7.5,14.631766596075035,14.631766596075035,0.06834444722951291,0.8436051378180212,0.15639486218197887,1.1614722569269142,0.0,2,0.2837971093474962,0.052612777962502244,2.9202171573925364,2.0020537943392656,0.33640988730999843,4.922270951731802,exposed_above_grade,same_as_floor,sloped,100.0,202.0,35.0,80.0,350.0,300.0
Kjellervindu 40x60 cm | R=100 m,Trebygg | stubbloft bevart,5 målepunkter,4. etasje,3,10.5,11.799578819952334,11.799578819952334,0.08474878766935849,0.41494810009388655,0.5850518999061134,1.5632039620393776,0.0,1,0.21587398583389633,0.3043693549237851,3.435627477913491,2.703024826912091,0.5202433407576814,6.138652304825582,exposed_above_grade,same_as_floor,sloped,100.0,202.0,35.0,80.0,350.0,300.0
Kjellervindu 40x60 cm | R=100 m,Trebygg | stubbloft bevart,5 målepunkter,5. etasje,4,13.5,2.6370200807665456,2.6370200807665456,0.37921592152203626,0.055027749924740126,0.9449722500752599,1.9216266429536275,0.0,0,0.1558990491407209,2.6771996938378586,3.7462939588153445,3.7246443172136283,2.8330987429785797,7.470938276028972,exposed_above_grade,same_as_floor,sloped,100.0,202.0,35.0,80.0,350.0,300.0
Kjellervindu 40x60 cm | R=100 m,Trebygg | full utskifting + mineralull,5 målepunkter,Kjeller,-1,-1.1,14.575953853953498,14.575953853953498,0.0686061447518075,0.3491654940240431,0.6508345059759568,0.0,15.64636011084703,5,0.03794558539327269,0.07072948715172456,0.5840935469146287,0.9999492955763,0.10867507254499725,1.5840428424909287,exposed_above_grade,same_as_floor,sloped,100.0,62.0,35.0,80.0,350.0,300.0
Kjellervindu 40x60 cm | R=100 m,Trebygg | full utskifting + mineralull,5 målepunkter,1. etasje,0,1.5,3.3212622919859354,3.3212622919859354,0.3010903421909668,0.7849660907809531,0.21503390921904691,0.0,0.0,4,0.4715297125314506,0.1291710286462116,0.789095816383466,1.2059889040579064,0.6007007411776621,1.9950847204413724,exposed_above_grade,same_as_floor,sloped,100.0,62.0,35.0,80.0,350.0,300.0
Kjellervindu 40x60 cm | R=100 m,Trebygg | full utskifting + mineralull,5 målepunkter,2. etasje,1,4.5,4.411332099592254,4.411332099592254,0.22668889519617702,0.6965493453616158,0.30345065463838417,0.685153564335147,0.0,3,0.5703279096895093,0.24846247965960674,2.0806550820618304,1.5313012453115646,0.8187903893491161,3.6119563273733952,exposed_above_grade,same_as_floor,sloped,100.0,62.0,35.0,80.0,350.0,300.0
Kjellervindu 40x60 cm | R=100 m,Trebygg | full utskifting + mineralull,5 målepunkter,3. etasje,2,7.5,4.620257713908071,4.620257713908071,0.21643814304768388,0.531664330153148,0.4683356698468521,1.1614722569269142,0.0,2,0.566417730445427,0.49894945392495993,2.9202171573925364,2.0020537943392656,1.065367184370387,4.922270951731802,exposed_above_grade,same_as_floor,sloped,100.0,62.0,35.0,80.0,350.0,300.0
Kjellervindu 40x60 cm | R=100 m,Trebygg | full utskifting + mineralull,5 målepunkter,4. etasje,3,10.5,3.848386820474672,3.848386820474672,0.2598491385220618,0.3300590835831959,0.6699409164168041,1.5632039620393776,0.0,1,0.5264850049342746,1.068638508161122,3.435627477913491,2.703024826912091,1.5951235130953967,6.138652304825582,exposed_above_grade,same_as_floor,sloped,100.0,62.0,35.0,80.0,350.0,300.0
Kjellervindu 40x60 cm | R=100 m,Trebygg | full utskifting + mineralull,5 målepunkter,5. etasje,4,13.5,2.3694919829787993,2.3694919829787993,0.42203139203824325,0.15089604852766664,0.8491039514723333,1.9216266429536275,0.0,0,0.47577078662644146,2.6771996938378586,3.7462939588153445,3.7246443172136283,3.1529704804643,7.470938276028972,exposed_above_grade,same_as_floor,sloped,100.0,62.0,35.0,80.0,350.0,300.0
Kjellervindu 40x60 cm | R=100 m,Trebygg | referanse lett,5 målepunkter,Kjeller,-1,-1.1,8.075333637355717,8.075333637355717,0.12383389280340024,0.19344379703366738,0.8065562029663326,0.0,15.64636011084703,5,0.03794558539327269,0.15821260615974236,0.5840935469146287,0.9999492955763,0.19615819155301506,1.5840428424909287,exposed_above_grade,same_as_floor,sloped,100.0,40.375,35.0,80.0,350.0,300.0
Kjellervindu 40x60 cm | R=100 m,Trebygg | referanse lett,5 målepunkter,1. etasje,0,1.5,2.7655150778875557,2.7655150778875557,0.3615962928554532,0.6536176215059291,0.3463823784940709,0.0,0.0,4,0.4715297125314506,0.24988552631270786,0.789095816383466,1.2059889040579064,0.7214152388441585,1.9950847204413724,exposed_above_grade,same_as_floor,sloped,100.0,40.375,35.0,80.0,350.0,300.0
Kjellervindu 40x60 cm | R=100 m,Trebygg | referanse lett,5 målepunkter,2. etasje,1,4.5,3.2730018846505544,3.2730018846505544,0.30552991878486685,0.6232540253058995,0.3767459746941005,0.685153564335147,0.0,3,0.6877986630016653,0.4157620603552141,2.0806550820618304,1.5313012453115646,1.1035607233568794,3.6119563273733952,exposed_above_grade,same_as_floor,sloped,100.0,40.375,35.0,80.0,350.0,300.0
Kjellervindu 40x60 cm | R=100 m,Trebygg | referanse lett,5 målepunkter,3. etasje,2,7.5,3.352742940832367,3.352742940832367,0.298263248226163,0.5099249049440652,0.49007509505593483,1.1614722569269142,0.0,2,0.7486373370896223,0.7194951856231918,2.9202171573925364,2.0020537943392656,1.4681325227128141,4.922270951731802,exposed_above_grade,same_as_floor,sloped,100.0,40.375,35.0,80.0,350.0,300.0
Kjellervindu 40x60 cm | R=100 m,Trebygg | referanse lett,5 målepunkter,4. etasje,3,10.5,2.9910905708951665,2.9910905708951665,0.3343262185807775,0.35951618014683573,0.6404838198531643,1.5632039620393776,0.0,1,0.7378395189216798,1.3144728933328313,3.435627477913491,2.703024826912091,2.052312412254511,6.138652304825582,exposed_above_grade,same_as_floor,sloped,100.0,40.375,35.0,80.0,350.0,300.0
Kjellervindu 40x60 cm | R=100 m,Trebygg | referanse lett,5 målepunkter,5. etasje,4,13.5,2.2116038939810596,2.2116038939810596,0.4521605350404416,0.20747501196009796,0.7925249880399021,1.9216266429536275,0.0,0,0.7008637543055165,2.6771996938378586,3.7462939588153445,3.7246443172136283,3.378063448143375,7.470938276028972,exposed_above_grade,same_as_floor,sloped,100.0,40.375,35.0,80.0,350.0,300.0
Kjellervindu 40x60 cm | R=150 m,Murbygg | stubbloft bevart,5 målepunkter,Kjeller,-1,-1.1,42.646552540959625,42.646552540959625,0.023448554230486883,0.9883527959244529,0.011647204075547203,0.0,18.927418795320666,5,0.03714777469494801,0.00043776646821726576,0.6029444604190286,0.9999492955763,0.03758554116316527,1.6028937559953285,exposed_above_grade,same_as_floor,sloped,150.0,202.0,35.0,450.0,650.0,300.0
Kjellervindu 40x60 cm | R=150 m,Murbygg | stubbloft bevart,5 målepunkter,1. etasje,0,1.5,9.734826213197506,9.734826213197506,0.10272397042325211,0.9900954999118938,0.009904500088106163,0.0,0.0,4,0.2055238658261878,0.002055974547267956,0.8147647673409649,1.2059889040579064,0.20757984037345578,2.020753671398871,exposed_above_grade,same_as_floor,sloped,150.0,202.0,35.0,450.0,650.0,300.0
Kjellervindu 40x60 cm | R=150 m,Murbygg | stubbloft bevart,5 målepunkter,2. etasje,1,4.5,30.333062377759656,30.333062377759656,0.032967327451026006,0.9167488628862619,0.08325113711373808,0.6532154291087213,0.0,3,0.11146381215255603,0.010122171386738512,2.1567739776471155,1.5313012453115646,0.12158598353929455,3.6880752229586804,exposed_above_grade,same_as_floor,sloped,150.0,202.0,35.0,450.0,650.0,300.0
Kjellervindu 40x60 cm | R=150 m,Murbygg | stubbloft bevart,5 målepunkter,3. etasje,2,7.5,47.522640280188355,47.522640280188355,0.021042601886261118,0.5047201476827144,0.4952798523172856,1.1058367308905963,0.0,2,0.053615605276470114,0.052612777962502244,3.0461994498724074,2.0020537943392656,0.10622838323897235,5.048253244211673,exposed_above_grade,same_as_floor,sloped,150.0,202.0,35.0,450.0,650.0,300.0
Kjellervindu 40x60 cm | R=150 m,Murbygg | stubbloft bevart,5 målepunkter,4. etasje,3,10.5,18.178956711659634,18.178956711659634,0.05500865730972444,0.12367698382679347,0.8763230161732065,1.4865866730420778,0.0,1,0.04295617379840705,0.3043693549237851,3.6109909245829344,2.703024826912091,0.34732552872219213,6.314015751495026,exposed_above_grade,same_as_floor,sloped,150.0,202.0,35.0,450.0,650.0,300.0
Kjellervindu 40x60 cm | R=150 m,Murbygg | stubbloft bevart,5 målepunkter,5. etasje,4,13.5,2.836699816443894,2.836699816443894,0.35252231984616783,0.013066588913592882,0.9869334110864071,1.8165165576472044,0.0,0,0.03544501325623206,2.6771996938378586,3.9703144254776808,3.7246443172136283,2.712644707094091,7.694958742691309,exposed_above_grade,same_as_floor,sloped,150.0,202.0,35.0,450.0,650.0,300.0
Kjellervindu 40x60 cm | R=150 m,Murbygg | full utskifting + mineralull,5 målepunkter,Kjeller,-1,-1.1,14.858495002158502,14.858495002158502,0.06730156720816809,0.34435222083914824,0.6556477791608518,0.0,18.927418795320666,5,0.03714777469494801,0.07072948715172456,0.6029444604190286,0.9999492955763,0.10787726184667257,1.6028937559953285,exposed_above_grade,same_as_floor,sloped,150.0,62.0,35.0,450.0,650.0,300.0
Kjellervindu 40x60 cm | R=150 m,Murbygg | full utskifting + mineralull,5 målepunkter,1. etasje,0,1.5,6.037599332324182,6.037599332324182,0.1656287449626189,0.6140633431237963,0.38593665687620365,0.0,0.0,4,0.2055238658261878,0.1291710286462116,0.8147647673409649,1.2059889040579064,0.3346948944723994,2.020753671398871,exposed_above_grade,same_as_floor,sloped,150.0,62.0,35.0,450.0,650.0,300.0
Kjellervindu 40x60 cm | R=150 m,Murbygg | full utskifting + mineralull,5 målepunkter,2. etasje,1,4.5,8.36862770505262,8.36862770505262,0.11949390452585704,0.43621269490338876,0.5637873050966113,0.6532154291087213,0.0,3,0.19224002891679676,0.24846247965960674,2.1567739776471155,1.5313012453115646,0.4407025085764035,3.6880752229586804,exposed_above_grade,same_as_floor,sloped,150.0,62.0,35.0,450.0,650.0,300.0
Kjellervindu 40x60 cm | R=150 m,Murbygg | full utskifting + mineralull,5 målepunkter,3. etasje,2,7.5,7.877135339305387,7.877135339305387,0.1269497040390042,0.22145498929834795,0.778545010701652,1.1058367308905963,0.0,2,0.1419248013416549,0.49894945392495993,3.0461994498724074,2.0020537943392656,0.6408742552666148,5.048253244211673,exposed_above_grade,same_as_floor,sloped,150.0,62.0,35.0,450.0,650.0,300.0
Kjellervindu 40x60 cm | R=150 m,Murbygg | full utskifting + mineralull,5 målepunkter,4. etasje,3,10.5,5.360182943514213,5.360182943514213,0.18656079662541994,0.09279638669393118,0.9072036133060688,1.4865866730420778,0.0,1,0.10930930034323953,1.068638508161122,3.6109909245829344,2.703024826912091,1.1779478085043615,6.314015751495026,exposed_above_grade,same_as_floor,sloped,150.0,62.0,35.0,450.0,650.0,300.0
Kjellervindu 40x60 cm | R=150 m,Murbygg | full utskifting + mineralull,5 målepunkter,5. etasje,4,13.5,2.781227765234753,2.781227765234753,0.35955343625572994,0.032366206166866224,0.9676337938331337,1.8165165576472044,0.0,0,0.0895491639428728,2.6771996938378586,3.9703144254776808,3.7246443172136283,2.7667488577807315,7.694958742691309,exposed_above_grade,same_as_floor,sloped,150.0,62.0,35.0,450.0,650.0,300.0
Kjellervindu 40x60 cm | R=150 m,Murbygg | referanse lett,5 målepunkter,Kjeller,-1,-1.1,8.204804623039538,8.204804623039538,0.12187980652116269,0.1901499911723587,0.8098500088276412,0.0,18.927418795320666,5,0.03714777469494801,0.15821260615974236,0.6029444604190286,0.9999492955763,0.19536038085469037,1.6028937559953285,exposed_above_grade,same_as_floor,sloped,150.0,40.375,35.0,450.0,650.0,300.0
Kjellervindu 40x60 cm | R=150 m,Murbygg | referanse lett,5 målepunkter,1. etasje,0,1.5,4.437224410124945,4.437224410124945,0.22536610898429668,0.45129474572519346,0.5487052542748067,0.0,0.0,4,0.2055238658261878,0.24988552631270786,0.8147647673409649,1.2059889040579064,0.45540939213889564,2.020753671398871,exposed_above_grade,same_as_floor,sloped,150.0,40.375,35.0,450.0,650.0,300.0
Kjellervindu 40x60 cm | R=150 m,Murbygg | referanse lett,5 målepunkter,2. etasje,1,4.5,5.608388334254012,5.608388334254012,0.178304343494255,0.36775826192314093,0.632241738076859,0.6532154291087213,0.0,3,0.2418377710318615,0.4157620603552141,2.1567739776471155,1.5313012453115646,0.6575998313870757,3.6880752229586804,exposed_above_grade,same_as_floor,sloped,150.0,40.375,35.0,450.0,650.0,300.0
Kjellervindu 40x60 cm | R=150 m,Murbygg | referanse lett,5 målepunkter,3. etasje,2,7.5,5.483752969835414,5.483752969835414,0.18235686499751527,0.21843582917172202,0.7815641708282779,1.1058367308905963,0.0,2,0.20108844970478473,0.7194951856231918,3.0461994498724074,2.0020537943392656,0.9205836353279766,5.048253244211673,exposed_above_grade,same_as_floor,sloped,150.0,40.375,35.0,450.0,650.0,300.0
Kjellervindu 40x60 cm | R=150 m,Murbygg | referanse lett,5 målepunkter,4. etasje,3,10.5,4.284869990986355,4.284869990986355,0.23337930954815392,0.10796145016375096,0.892038549836249,1.4865866730420778,0.0,1,0.15908774322724592,1.3144728933328313,3.6109909245829344,2.703024826912091,1.4735606365600773,6.314015751495026,exposed_above_grade,same_as_floor,sloped,150.0,40.375,35.0,450.0,650.0,300.0
Kjellervindu 40x60 cm | R=150 m,Murbygg | referanse lett,5 målepunkter,5. etasje,4,13.5,2.738768730419299,2.738768730419299,0.36512758046821364,0.04713838608486121,0.9528616139151388,1.8165165576472044,0.0,0,0.1324419736837467,2.6771996938378586,3.9703144254776808,3.7246443172136283,2.809641667521605,7.694958742691309,exposed_above_grade,same_as_floor,sloped,150.0,40.375,35.0,450.0,650.0,300.0
Kjellervindu 40x60 cm | R=150 m,Trebygg | stubbloft bevart,5 målepunkter,Kjeller,-1,-1.1,42.534364545624776,42.534364545624776,0.02351040178177208,0.9883834355986736,0.011616564401326492,0.0,18.927418795320666,5,0.03724690974872665,0.00043776646821726576,0.6029444604190286,0.9999492955763,0.037684676216943915,1.6028937559953285,exposed_above_grade,same_as_floor,sloped,150.0,202.0,35.0,80.0,350.0,300.0
Kjellervindu 40x60 cm | R=150 m,Trebygg | stubbloft bevart,5 målepunkter,1. etasje,0,1.5,4.179183928036061,4.179183928036061,0.23928116522737813,0.9957479746759804,0.00425202532401954,0.0,0.0,4,0.48147231858255635,0.002055974547267956,0.8147647673409649,1.2059889040579064,0.4835282931298243,2.020753671398871,exposed_above_grade,same_as_floor,sloped,150.0,202.0,35.0,80.0,350.0,300.0
Kjellervindu 40x60 cm | R=150 m,Trebygg | stubbloft bevart,5 målepunkter,2. etasje,1,4.5,8.628850700660555,8.628850700660555,0.11589028883341881,0.9763175368227452,0.023682463177254826,0.6532154291087213,0.0,3,0.41728993144131843,0.010122171386738512,2.1567739776471155,1.5313012453115646,0.4274121028280569,3.6880752229586804,exposed_above_grade,same_as_floor,sloped,150.0,202.0,35.0,80.0,350.0,300.0
Kjellervindu 40x60 cm | R=150 m,Trebygg | stubbloft bevart,5 målepunkter,3. etasje,2,7.5,12.738300319473582,12.738300319473582,0.07850340900435966,0.8672417301773473,0.13275826982265265,1.1058367308905963,0.0,2,0.3436923112254323,0.052612777962502244,3.0461994498724074,2.0020537943392656,0.39630508918793456,5.048253244211673,exposed_above_grade,same_as_floor,sloped,150.0,202.0,35.0,80.0,350.0,300.0
Kjellervindu 40x60 cm | R=150 m,Trebygg | stubbloft bevart,5 målepunkter,4. etasje,3,10.5,10.621258619293721,10.621258619293721,0.09415080037534165,0.4879984843769726,0.5120015156230275,1.4865866730420778,0.0,1,0.29010028166198587,0.3043693549237851,3.6109909245829344,2.703024826912091,0.5944696365857709,6.314015751495026,exposed_above_grade,same_as_floor,sloped,150.0,202.0,35.0,80.0,350.0,300.0
Kjellervindu 40x60 cm | R=150 m,Trebygg | stubbloft bevart,5 målepunkter,5. etasje,4,13.5,2.635530094824009,2.635530094824009,0.3794303096610158,0.08305676496771944,0.9169432350322805,1.8165165576472044,0.0,0,0.2425008847302455,2.6771996938378586,3.9703144254776808,3.7246443172136283,2.9197005785681043,7.694958742691309,exposed_above_grade,same_as_floor,sloped,150.0,202.0,35.0,80.0,350.0,300.0
Kjellervindu 40x60 cm | R=150 m,Trebygg | full utskifting + mineralull,5 målepunkter,Kjeller,-1,-1.1,14.844853153167497,14.844853153167497,0.06736341475945329,0.34495418274668327,0.6550458172533167,0.0,18.927418795320666,5,0.03724690974872665,0.07072948715172456,0.6029444604190286,0.9999492955763,0.10797639690045122,1.6028937559953285,exposed_above_grade,same_as_floor,sloped,150.0,62.0,35.0,80.0,350.0,300.0
Kjellervindu 40x60 cm | R=150 m,Trebygg | full utskifting + mineralull,5 målepunkter,1. etasje,0,1.5,3.309220808790417,3.309220808790417,0.30218593976674496,0.7884673120039417,0.21153268799605818,0.0,0.0,4,0.48147231858255635,0.1291710286462116,0.8147647673409649,1.2059889040579064,0.610643347228768,2.020753671398871,exposed_above_grade,same_as_floor,sloped,150.0,62.0,35.0,80.0,350.0,300.0
Kjellervindu 40x60 cm | R=150 m,Trebygg | full utskifting + mineralull,5 målepunkter,2. etasje,1,4.5,4.306531166596437,4.306531166596437,0.2322054482634398,0.7098726713264987,0.2901273286735013,0.6532154291087213,0.0,3,0.6079286807167994,0.24846247965960674,2.1567739776471155,1.5313012453115646,0.8563911603764062,3.6880752229586804,exposed_above_grade,same_as_floor,sloped,150.0,62.0,35.0,80.0,350.0,300.0
Kjellervindu 40x60 cm | R=150 m,Trebygg | full utskifting + mineralull,5 målepunkter,3. etasje,2,7.5,4.493937548754474,4.493937548754474,0.22252200640330594,0.5558369246838242,0.4441630753161757,1.1058367308905963,0.0,2,0.6243979868090198,0.49894945392495993,3.0461994498724074,2.0020537943392656,1.1233474407339799,5.048253244211673,exposed_above_grade,same_as_floor,sloped,150.0,62.0,35.0,80.0,350.0,300.0
Kjellervindu 40x60 cm | R=150 m,Trebygg | full utskifting + mineralull,5 målepunkter,4. etasje,3,10.5,3.7844799015108737,3.7844799015108737,0.26423710153693014,0.3594819659487325,0.6405180340512675,1.4865866730420778,0.0,1,0.5997587130724451,1.068638508161122,3.6109909245829344,2.703024826912091,1.6683972212335672,6.314015751495026,exposed_above_grade,same_as_floor,sloped,150.0,62.0,35.0,80.0,350.0,300.0
Kjellervindu 40x60 cm | R=150 m,Trebygg | full utskifting + mineralull,5 målepunkter,5. etasje,4,13.5,2.3748525142599557,2.3748525142599557,0.4210787802591678,0.17375068058348933,0.8262493194165106,1.8165165576472044,0.0,0,0.5629841476792168,2.6771996938378586,3.9703144254776808,3.7246443172136283,3.2401838415170756,7.694958742691309,exposed_above_grade,same_as_floor,sloped,150.0,62.0,35.0,80.0,350.0,300.0
Kjellervindu 40x60 cm | R=150 m,Trebygg | referanse lett,5 målepunkter,Kjeller,-1,-1.1,8.20064323062143,8.20064323062143,0.12194165407244789,0.19056073875763033,0.8094392612423696,0.0,18.927418795320666,5,0.03724690974872665,0.15821260615974236,0.6029444604190286,0.9999492955763,0.19545951590846902,1.6028937559953285,exposed_above_grade,same_as_floor,sloped,150.0,40.375,35.0,80.0,350.0,300.0
Kjellervindu 40x60 cm | R=150 m,Trebygg | referanse lett,5 målepunkter,1. etasje,0,1.5,2.7630163339374008,2.7630163339374008,0.36192330378842275,0.6583265933949293,0.34167340660507073,0.0,0.0,4,0.48147231858255635,0.24988552631270786,0.8147647673409649,1.2059889040579064,0.7313578448952642,2.020753671398871,exposed_above_grade,same_as_floor,sloped,150.0,40.375,35.0,80.0,350.0,300.0
Kjellervindu 40x60 cm | R=150 m,Trebygg | referanse lett,5 målepunkter,2. etasje,1,4.5,3.235703753572485,3.235703753572485,0.30905177858013644,0.6352344304395257,0.3647655695604743,0.6532154291087213,0.0,3,0.7240441468374994,0.4157620603552141,2.1567739776471155,1.5313012453115646,1.1398062071927135,3.6880752229586804,exposed_above_grade,same_as_floor,sloped,150.0,40.375,35.0,80.0,350.0,300.0
Kjellervindu 40x60 cm | R=150 m,Trebygg | referanse lett,5 målepunkter,3. etasje,2,7.5,3.309607404421764,3.309607404421764,0.30215064139147174,0.5283028646562722,0.47169713534372787,1.1058367308905963,0.0,2,0.8058377700219435,0.7194951856231918,3.0461994498724074,2.0020537943392656,1.5253329556451352,5.048253244211673,exposed_above_grade,same_as_floor,sloped,150.0,40.375,35.0,80.0,350.0,300.0
Kjellervindu 40x60 cm | R=150 m,Trebygg | referanse lett,5 målepunkter,4. etasje,3,10.5,2.9698335211939315,2.9698335211939315,0.3367192109805469,0.3817301357862011,0.618269864213799,1.4865866730420778,0.0,1,0.8115775086293189,1.3144728933328313,3.6109909245829344,2.703024826912091,2.12605040196215,6.314015751495026,exposed_above_grade,same_as_floor,sloped,150.0,40.375,35.0,80.0,350.0,300.0
Kjellervindu 40x60 cm | R=150 m,Trebygg | referanse lett,5 målepunkter,5. etasje,4,13.5,2.219405021864307,2.219405021864307,0.45057120721480437,0.2278333589922291,0.7721666410077709,1.8165165576472044,0.0,0,0.7899271563246776,2.6771996938378586,3.9703144254776808,3.7246443172136283,3.4671268501625363,7.694958742691309,exposed_above_grade,same_as_floor,sloped,150.0,40.375,35.0,80.0,350.0,300.0
